name,alias,category,nature,taste,meridian,efficacy,indications,usage,dosage,contraindication,quantity,unit,price,min_stock,notes
人参,黄参、地精、神草,补虚药,温,甘、微苦,归脾、肺、心经,大补元气，复脉固脱，补脾益肺，生津，安神,体虚欲脱，肢冷脉微，脾虚食少，肺虚喘咳，津伤口渴，内热消渴，久病虚羸，惊悸失眠，阳痿宫冷,煎服,3-9g,实证、热证而正气不虚者忌服,500,g,85,50,一等选装人参
黄芪,黄耆,补虚药,微温,甘,归脾、肺经,补气升阳，固表止汗，利水消肿，生津养血，行滞通痹，托毒排脓，敛疮生肌,气虚乏力，食少便溏，中气下陷，久泻脱肛，便血崩漏，表虚自汗，气虚水肿，内热消渴，血虚萎黄，半身不遂，痹痛麻木，痈疽难溃，久溃不敛,煎服,9-30g,表实邪盛，气滞湿阻，食积停滞，痈疽初起或溃后热毒尚盛等实证，以及阴虚阳亢者，均须禁服,600,g,42,60,
当归,干归,补虚药,温,甘、辛,归肝、心、脾经,补血活血，调经止痛，润肠通便,血虚萎黄，眩晕心悸，月经不调，经闭痛经，虚寒腹痛，风湿痹痛，跌扑损伤，痈疽疮疡，肠燥便秘,煎服,6-12g,湿阻中满及大便溏泄者慎服,450,g,55,50,
白芍,白芍药,补虚药,微寒,苦、酸,归肝、脾经,养血调经，敛阴止汗，柔肝止痛，平抑肝阳,血虚萎黄，月经不调，自汗，盗汗，胁痛，腹痛，四肢挛痛，头痛眩晕,煎服,6-15g,阳衰虚寒之证不宜用,400,g,38,45,
熟地黄,熟地,补虚药,微温,甘,归肝、肾经,补血滋阴，益精填髓,血虚萎黄，眩晕心悸，月经不调，崩漏下血，肝肾阴虚，潮热盗汗，遗精阳痿，不孕不育，腰膝酸软，耳鸣耳聋，须发早白,煎服,9-15g,脾胃虚弱，中满痰盛者慎用,350,g,48,40,
党参,潞党,补虚药,平,甘,归脾、肺经,健脾益肺，养血生津,脾肺气虚，食少倦怠，咳嗽虚喘，气血不足，面色萎黄，心悸气短，津伤口渴，内热消渴,煎服,9-30g,实证、热证而正气不虚者禁服,550,g,18,65,
白术,于术,补虚药,温,苦、甘,归脾、胃经,健脾益气，燥湿利水，止汗，安胎,脾虚食少，腹胀泄泻，痰饮眩悸，水肿，自汗，胎动不安,煎服,6-12g,阴虚内热，津液亏耗者慎服,480,g,22,55,
茯苓,云苓,利水渗湿药,平,甘、淡,归心、脾、肾经,利水渗湿，健脾，宁心,水肿尿少，痰饮眩悸，脾虚食少，便溏泄泻，心神不安，惊悸失眠,煎服,10-15g,阴虚而无湿热、虚寒滑精、气虚下陷者慎服,520,g,15,60,
甘草,国老,补虚药,平,甘,归心、肺、脾、胃经,补脾益气，清热解毒，祛痰止咳，缓急止痛，调和诸药,脾胃虚弱，倦怠乏力，心悸气短，咳嗽痰多，脘腹、四肢挛急疼痛，痈肿疮毒，缓解药物毒性、烈性,煎服,2-10g,湿盛胀满，浮肿者不宜使用，不宜与海藻、京大戟、红大戟、甘遂、芫花同用,600,g,12,70,
